insert into COUNTRIES(COUNTRY_ID, COUNTRY_NAME) values('MEX','Mexico');
insert into COUNTRIES(COUNTRY_ID, COUNTRY_NAME) values('USA','United States');
insert into COUNTRIES(COUNTRY_ID, COUNTRY_NAME) values('CAN','Canada');

insert into STATES(COUNTRY_ID, STATE_ID, STATE_NAME) values('MEX', 'DIF', 'Distrito Federal');
insert into STATES(COUNTRY_ID, STATE_ID, STATE_NAME) values('MEX', 'AGU', 'Aguascalientes');
insert into STATES(COUNTRY_ID, STATE_ID, STATE_NAME) values('MEX', 'BCN', 'Baja California');
insert into STATES(COUNTRY_ID, STATE_ID, STATE_NAME) values('MEX', 'BCS', 'Baja California Sur');
insert into STATES(COUNTRY_ID, STATE_ID, STATE_NAME) values('MEX', 'CAM', 'Campeche');
insert into STATES(COUNTRY_ID, STATE_ID, STATE_NAME) values('MEX', 'COA', 'Coahuila');
insert into STATES(COUNTRY_ID, STATE_ID, STATE_NAME) values('MEX', 'COL', 'Colima');
insert into STATES(COUNTRY_ID, STATE_ID, STATE_NAME) values('MEX', 'CHP', 'Chiapas');
insert into STATES(COUNTRY_ID, STATE_ID, STATE_NAME) values('MEX', 'CHH', 'Chihuahua');
insert into STATES(COUNTRY_ID, STATE_ID, STATE_NAME) values('MEX', 'DUR', 'Durango');
insert into STATES(COUNTRY_ID, STATE_ID, STATE_NAME) values('MEX', 'GUA', 'Guanajuato');
insert into STATES(COUNTRY_ID, STATE_ID, STATE_NAME) values('MEX', 'GRO', 'Guerrero');
insert into STATES(COUNTRY_ID, STATE_ID, STATE_NAME) values('MEX', 'HID', 'Hidalgo');
insert into STATES(COUNTRY_ID, STATE_ID, STATE_NAME) values('MEX', 'JAL', 'Jalisco');
insert into STATES(COUNTRY_ID, STATE_ID, STATE_NAME) values('MEX', 'MEX', 'México');
insert into STATES(COUNTRY_ID, STATE_ID, STATE_NAME) values('MEX', 'MIC', 'Michoacán');
insert into STATES(COUNTRY_ID, STATE_ID, STATE_NAME) values('MEX', 'MOR', 'Morelos');
insert into STATES(COUNTRY_ID, STATE_ID, STATE_NAME) values('MEX', 'NAY', 'Nayarit');
insert into STATES(COUNTRY_ID, STATE_ID, STATE_NAME) values('MEX', 'NLE', 'Nuevo León');
insert into STATES(COUNTRY_ID, STATE_ID, STATE_NAME) values('MEX', 'OAX', 'Oaxaca');
insert into STATES(COUNTRY_ID, STATE_ID, STATE_NAME) values('MEX', 'PUE', 'Puebla');
insert into STATES(COUNTRY_ID, STATE_ID, STATE_NAME) values('MEX', 'QUE', 'Querétaro');
insert into STATES(COUNTRY_ID, STATE_ID, STATE_NAME) values('MEX', 'ROO', 'Quintana Roo');
insert into STATES(COUNTRY_ID, STATE_ID, STATE_NAME) values('MEX', 'SLP', 'San Luis Potosí');
insert into STATES(COUNTRY_ID, STATE_ID, STATE_NAME) values('MEX', 'SIN', 'Sinaloa');
insert into STATES(COUNTRY_ID, STATE_ID, STATE_NAME) values('MEX', 'SON', 'Sonora');
insert into STATES(COUNTRY_ID, STATE_ID, STATE_NAME) values('MEX', 'TAB', 'Tabasco');
insert into STATES(COUNTRY_ID, STATE_ID, STATE_NAME) values('MEX', 'TAM', 'Tamaulipas');
insert into STATES(COUNTRY_ID, STATE_ID, STATE_NAME) values('MEX', 'TLA', 'Tlaxcala');
insert into STATES(COUNTRY_ID, STATE_ID, STATE_NAME) values('MEX', 'VER', 'Veracruz');
insert into STATES(COUNTRY_ID, STATE_ID, STATE_NAME) values('MEX', 'YUC', 'Yucatán');
insert into STATES(COUNTRY_ID, STATE_ID, STATE_NAME) values('MEX', 'ZAC', 'Zacatecas');

insert into STATES(COUNTRY_ID, STATE_ID, STATE_NAME) values('USA', 'AL', 'Alabama');
insert into STATES(COUNTRY_ID, STATE_ID, STATE_NAME) values('USA', 'AK', 'Alaska');
insert into STATES(COUNTRY_ID, STATE_ID, STATE_NAME) values('USA', 'AZ', 'Arizona');
insert into STATES(COUNTRY_ID, STATE_ID, STATE_NAME) values('USA', 'AR', 'Arkansas');
insert into STATES(COUNTRY_ID, STATE_ID, STATE_NAME) values('USA', 'CA', 'California');
insert into STATES(COUNTRY_ID, STATE_ID, STATE_NAME) values('USA', 'CO', 'Colorado');
insert into STATES(COUNTRY_ID, STATE_ID, STATE_NAME) values('USA', 'CT', 'Connecticut');
insert into STATES(COUNTRY_ID, STATE_ID, STATE_NAME) values('USA', 'DE', 'Delaware');
insert into STATES(COUNTRY_ID, STATE_ID, STATE_NAME) values('USA', 'DC', 'District of Columbia');
insert into STATES(COUNTRY_ID, STATE_ID, STATE_NAME) values('USA', 'FL', 'Florida');
insert into STATES(COUNTRY_ID, STATE_ID, STATE_NAME) values('USA', 'GA', 'Georgia');
insert into STATES(COUNTRY_ID, STATE_ID, STATE_NAME) values('USA', 'HI', 'Hawaii');
insert into STATES(COUNTRY_ID, STATE_ID, STATE_NAME) values('USA', 'ID', 'Idaho');
insert into STATES(COUNTRY_ID, STATE_ID, STATE_NAME) values('USA', 'IL', 'Illinois');
insert into STATES(COUNTRY_ID, STATE_ID, STATE_NAME) values('USA', 'IN', 'Indiana');
insert into STATES(COUNTRY_ID, STATE_ID, STATE_NAME) values('USA', 'IA', 'Iowa');
insert into STATES(COUNTRY_ID, STATE_ID, STATE_NAME) values('USA', 'KS', 'Kansas');
insert into STATES(COUNTRY_ID, STATE_ID, STATE_NAME) values('USA', 'KY', 'Kentucky');
insert into STATES(COUNTRY_ID, STATE_ID, STATE_NAME) values('USA', 'LA', 'Louisiana');
insert into STATES(COUNTRY_ID, STATE_ID, STATE_NAME) values('USA', 'ME', 'Maine');
insert into STATES(COUNTRY_ID, STATE_ID, STATE_NAME) values('USA', 'MD', 'Maryland');
insert into STATES(COUNTRY_ID, STATE_ID, STATE_NAME) values('USA', 'MA', 'Massachusetts');
insert into STATES(COUNTRY_ID, STATE_ID, STATE_NAME) values('USA', 'MI', 'Michigan');
insert into STATES(COUNTRY_ID, STATE_ID, STATE_NAME) values('USA', 'MN', 'Minnesota');
insert into STATES(COUNTRY_ID, STATE_ID, STATE_NAME) values('USA', 'MS', 'Mississippi');
insert into STATES(COUNTRY_ID, STATE_ID, STATE_NAME) values('USA', 'MO', 'Missouri');
insert into STATES(COUNTRY_ID, STATE_ID, STATE_NAME) values('USA', 'MT', 'Montana');
insert into STATES(COUNTRY_ID, STATE_ID, STATE_NAME) values('USA', 'NE', 'Nebraska');
insert into STATES(COUNTRY_ID, STATE_ID, STATE_NAME) values('USA', 'NV', 'Nevada');
insert into STATES(COUNTRY_ID, STATE_ID, STATE_NAME) values('USA', 'NH', 'New Hampshire');
insert into STATES(COUNTRY_ID, STATE_ID, STATE_NAME) values('USA', 'NJ', 'New Jersey');
insert into STATES(COUNTRY_ID, STATE_ID, STATE_NAME) values('USA', 'NM', 'New Mexico');
insert into STATES(COUNTRY_ID, STATE_ID, STATE_NAME) values('USA', 'NY', 'New York');
insert into STATES(COUNTRY_ID, STATE_ID, STATE_NAME) values('USA', 'NC', 'North Carolina');
insert into STATES(COUNTRY_ID, STATE_ID, STATE_NAME) values('USA', 'ND', 'North Dakota');
insert into STATES(COUNTRY_ID, STATE_ID, STATE_NAME) values('USA', 'OH', 'Ohio');
insert into STATES(COUNTRY_ID, STATE_ID, STATE_NAME) values('USA', 'OK', 'Oklahoma');
insert into STATES(COUNTRY_ID, STATE_ID, STATE_NAME) values('USA', 'OR', 'Oregon');
insert into STATES(COUNTRY_ID, STATE_ID, STATE_NAME) values('USA', 'PA', 'Pennsylvania');
insert into STATES(COUNTRY_ID, STATE_ID, STATE_NAME) values('USA', 'RI', 'Rhode Island');
insert into STATES(COUNTRY_ID, STATE_ID, STATE_NAME) values('USA', 'SC', 'South Carolina');
insert into STATES(COUNTRY_ID, STATE_ID, STATE_NAME) values('USA', 'SD', 'South Dakota');
insert into STATES(COUNTRY_ID, STATE_ID, STATE_NAME) values('USA', 'TN', 'Tennessee');
insert into STATES(COUNTRY_ID, STATE_ID, STATE_NAME) values('USA', 'TX', 'Texas');
insert into STATES(COUNTRY_ID, STATE_ID, STATE_NAME) values('USA', 'UT', 'Utah');
insert into STATES(COUNTRY_ID, STATE_ID, STATE_NAME) values('USA', 'VT', 'Vermont');
insert into STATES(COUNTRY_ID, STATE_ID, STATE_NAME) values('USA', 'VA', 'Virginia');
insert into STATES(COUNTRY_ID, STATE_ID, STATE_NAME) values('USA', 'WA', 'Washington');
insert into STATES(COUNTRY_ID, STATE_ID, STATE_NAME) values('USA', 'WV', 'West Virginia');
insert into STATES(COUNTRY_ID, STATE_ID, STATE_NAME) values('USA', 'WI', 'Wisconsin');
insert into STATES(COUNTRY_ID, STATE_ID, STATE_NAME) values('USA', 'WY', 'Wyoming');

insert into STATES(COUNTRY_ID, STATE_ID, STATE_NAME) values('CAN', 'AB', 'Alberta');
insert into STATES(COUNTRY_ID, STATE_ID, STATE_NAME) values('CAN', 'BC', 'British Columbia');
insert into STATES(COUNTRY_ID, STATE_ID, STATE_NAME) values('CAN', 'MB', 'Manitoba');
insert into STATES(COUNTRY_ID, STATE_ID, STATE_NAME) values('CAN', 'NB', 'New Brunswick');
insert into STATES(COUNTRY_ID, STATE_ID, STATE_NAME) values('CAN', 'NL', 'Newfoundland and Labrador');
insert into STATES(COUNTRY_ID, STATE_ID, STATE_NAME) values('CAN', 'NT', 'Northwest Territories');
insert into STATES(COUNTRY_ID, STATE_ID, STATE_NAME) values('CAN', 'NS', 'Nova Scotia');
insert into STATES(COUNTRY_ID, STATE_ID, STATE_NAME) values('CAN', 'NU', 'Nunavut');
insert into STATES(COUNTRY_ID, STATE_ID, STATE_NAME) values('CAN', 'ON', 'Ontario');
insert into STATES(COUNTRY_ID, STATE_ID, STATE_NAME) values('CAN', 'PE', 'Prince Edward Island');
insert into STATES(COUNTRY_ID, STATE_ID, STATE_NAME) values('CAN', 'QC', 'Quebec');
insert into STATES(COUNTRY_ID, STATE_ID, STATE_NAME) values('CAN', 'SK', 'Saskatchewan');
insert into STATES(COUNTRY_ID, STATE_ID, STATE_NAME) values('CAN', 'YT', 'Yukon');

insert into SYSTEM_CONVERSIONS(MU_FROM, MU_TO, CONVERSION_FACTOR) values('LTS', 'GALS', 0.26);
insert into SYSTEM_CONVERSIONS(MU_FROM, MU_TO, CONVERSION_FACTOR) values('KGS', 'LBS', 2.20);

insert into PRODUCTS(PRODUCT_ID, BOL_DESC, PRODUCT_DESC) values('NACNL', 'NACNL BOL DESC', 'NACNL DESC');
insert into PRODUCTS(PRODUCT_ID, BOL_DESC, PRODUCT_DESC) values('NACNB', 'NACNB BOL DESC', 'NACNB DESC');
insert into PRODUCTS(PRODUCT_ID, BOL_DESC, PRODUCT_DESC) values('NACNH', 'NACNH BOL DESC', 'NACNH DESC');

insert into COMPANIES(COMPANY_ID, COMPANY_NAME) values('POSABRO','POSABRO S.A. de C.V.');

insert into BRANCHES(COMPANY_ID, BRANCH_ID) values('POSABRO', 'COAHUILA BRANCH');

insert into CUSTOMERS(COMPANY_ID, CUST_ID, CITY_NAME, ADDRESS_LINE_01, ADDRESS_LINE_02, ZIP_CODE, CUST_NAME, TAX_ID, COUNTRY_ID, STATE_ID) values('POSABRO', 'CUST_1','Monclova', 'address line 1', null, 76121, 'Posabro Monclova', 'TX1', 'MEX', 'COA');
insert into CUSTOMERS(COMPANY_ID, CUST_ID, CITY_NAME, ADDRESS_LINE_01, ADDRESS_LINE_02, ZIP_CODE, CUST_NAME, TAX_ID, COUNTRY_ID, STATE_ID) values('POSABRO', 'CUST_2','Torreon', 'address line 1', null, 19212, 'Posabro Torreon', 'TX1', 'MEX', 'COA');

insert into CUSTOMER_FACILITIES(COMPANY_ID, CUST_ID, FACILITY_ID, CITY_NAME, ADDRESS_LINE_01, ADDRESS_LINE_02, ZIP_CODE, FACILITY_NAME, COUNTRY_ID, STATE_ID) values('POSABRO', 'CUST_1','FAC1', 'Ramos Arizpe', 'address line 1', null, 34121, 'Almacen', 'MEX', 'COA');
insert into CUSTOMER_FACILITIES(COMPANY_ID, CUST_ID, FACILITY_ID, CITY_NAME, ADDRESS_LINE_01, ADDRESS_LINE_02, ZIP_CODE, FACILITY_NAME, COUNTRY_ID, STATE_ID) values('POSABRO', 'CUST_1','FAC2', 'San Pedro', 'address line 1', null, 43212, 'Recepcion', 'MEX', 'COA');
insert into CUSTOMER_FACILITIES(COMPANY_ID, CUST_ID, FACILITY_ID, CITY_NAME, ADDRESS_LINE_01, ADDRESS_LINE_02, ZIP_CODE, FACILITY_NAME, COUNTRY_ID, STATE_ID) values('POSABRO', 'CUST_2','FAC1', 'San Isidro', 'address line 1', null, 43212, 'Salida', 'MEX', 'COA');
insert into CUSTOMER_FACILITIES(COMPANY_ID, CUST_ID, FACILITY_ID, CITY_NAME, ADDRESS_LINE_01, ADDRESS_LINE_02, ZIP_CODE, FACILITY_NAME, COUNTRY_ID, STATE_ID) values('POSABRO', 'CUST_2','FAC2', 'San Cristobal', 'address line 1', null, 43212, 'Comedor', 'MEX', 'COA');

insert into CARRIERS(CARRIER_ID, CITY_NAME, ADDRESS_LINE_01, ADDRESS_LINE_02, ZIP_CODE, CARRIER_NAME, TAX_ID, COUNTRY_ID, STATE_ID) values('CARR1', 'Hermosillo', 'address line 1', null, 32121, 'Transportes el calor', 'TX1', 'MEX', 'SON');
insert into CARRIERS(CARRIER_ID, CITY_NAME, ADDRESS_LINE_01, ADDRESS_LINE_02, ZIP_CODE, CARRIER_NAME, TAX_ID, COUNTRY_ID, STATE_ID) values('CARR2', 'Cd Obregon', 'address line 1', null, 32121, 'Transportes calurozo', 'TX1', 'MEX', 'SON');
insert into CARRIERS(CARRIER_ID, CITY_NAME, ADDRESS_LINE_01, ADDRESS_LINE_02, ZIP_CODE, CARRIER_NAME, TAX_ID, COUNTRY_ID, STATE_ID) values('CARR3', 'San Luis Rio Colorado', 'address line 1', null, 32121, 'Transportes el Giro', 'TX1', 'MEX', 'SON');
insert into CARRIERS(CARRIER_ID, CITY_NAME, ADDRESS_LINE_01, ADDRESS_LINE_02, ZIP_CODE, CARRIER_NAME, TAX_ID, COUNTRY_ID, STATE_ID) values('CARR4', 'Navojoa', 'address line 1', null, 32121, 'Transportes el Navojoense', 'TX1', 'MEX', 'SON');

insert into CONTAINERS(CONTAINER_ID, LTS_FULL_CAPACITY, LTS_FILL_CAPACITY, TARE_WGT, CONTAINER_TYPE) values('CONT1', 500.00, 510.00, 20.00, 'ISO');
insert into CONTAINERS(CONTAINER_ID, LTS_FULL_CAPACITY, LTS_FILL_CAPACITY, TARE_WGT, CONTAINER_TYPE) values('CONT2', 600.00, 620.00, 30.00, 'ISO');
insert into CONTAINERS(CONTAINER_ID, LTS_FULL_CAPACITY, LTS_FILL_CAPACITY, TARE_WGT, CONTAINER_TYPE) values('CONT3', 700.00, 710.00, 40.00, 'ISO');
insert into CONTAINERS(CONTAINER_ID, LTS_FULL_CAPACITY, LTS_FILL_CAPACITY, TARE_WGT, CONTAINER_TYPE) values('CONT4', 800.00, 810.00, 50.00, 'ISO');
insert into CONTAINERS(CONTAINER_ID, LTS_FULL_CAPACITY, LTS_FILL_CAPACITY, TARE_WGT, CONTAINER_TYPE) values('CONT5', 900.00, 910.00, 60.00, 'ISO');